{
  "collections": {
    "users": [
      {
        "email": "joao@empresa.com",
        "name": "João Silva",
        "companyName": "Drywall Silva & Cia",
        "address": "Rua das Flores, 123 - São Paulo, SP",
        "phone": "(11) 99999-9999",
        "logoUrl": "",
        "defaultSlogan": "Qualidade e confiança em cada projeto de drywall",
        "hotmartStatus": "active",
        "createdAt": "TIMESTAMP",
        "updatedAt": "TIMESTAMP"
      },
      {
        "email": "maria@construcoes.com",
        "name": "Maria Santos",
        "companyName": "Construções Santos",
        "address": "Av. Paulista, 456 - São Paulo, SP", 
        "phone": "(11) 88888-8888",
        "logoUrl": "",
        "defaultSlogan": "Inovação e excelência em drywall",
        "hotmartStatus": "active",
        "createdAt": "TIMESTAMP",
        "updatedAt": "TIMESTAMP"
      },
      {
        "email": "carlos@reformas.com",
        "name": "Carlos Oliveira",
        "companyName": "Reformas Oliveira",
        "address": "Rua do Comércio, 789 - Rio de Janeiro, RJ",
        "phone": "(21) 77777-7777",
        "logoUrl": "",
        "defaultSlogan": "Transformando espaços com tecnologia em drywall",
        "hotmartStatus": "inactive",
        "createdAt": "TIMESTAMP",
        "updatedAt": "TIMESTAMP"
      }
    ],
    "quotes": [
      {
        "userId": "user1_id",
        "customerName": "Empresa ABC Ltda",
        "customerAddress": "Rua dos Negócios, 100 - São Paulo, SP",
        "validity": 30,
        "serviceType": "Parede",
        "area": 50.0,
        "footHeight": 0.0,
        "sheetType": "ST (Standard)",
        "includeInsulation": false,
        "materials": [
          {
            "name": "Chapa de Drywall",
            "unit": "m²",
            "quantity": 315.0,
            "factor": 6.3
          },
          {
            "name": "Montante Metálico",
            "unit": "m",
            "quantity": 160.0,
            "factor": 3.2
          },
          {
            "name": "Guia Metálica",
            "unit": "m",
            "quantity": 40.0,
            "factor": 0.8
          },
          {
            "name": "Parafuso Drywall",
            "unit": "unidades",
            "quantity": 1250.0,
            "factor": 25.0
          },
          {
            "name": "Fita para Juntas",
            "unit": "m",
            "quantity": 210.0,
            "factor": 4.2
          },
          {
            "name": "Massa para Juntas",
            "unit": "kg",
            "quantity": 90.0,
            "factor": 1.8
          }
        ],
        "services": [
          {
            "description": "Execução de parede em drywall",
            "area": 50.0,
            "pricePerM2": 45.0,
            "total": 2250.0
          }
        ],
        "extraCosts": [
          {
            "description": "Transporte",
            "amount": 150.0
          },
          {
            "description": "Alimentação da equipe",
            "amount": 100.0
          }
        ],
        "totalValue": 2500.0,
        "customMessage": "Incluso mão de obra especializada e garantia de 1 ano. Prazo de execução: 3 dias úteis.",
        "createdAt": "TIMESTAMP",
        "updatedAt": "TIMESTAMP"
      },
      {
        "userId": "user2_id",
        "customerName": "Residência Silva",
        "customerAddress": "Rua das Palmeiras, 200 - São Paulo, SP",
        "validity": 15,
        "serviceType": "Forro FGA (Aramado)",
        "area": 25.0,
        "footHeight": 2.8,
        "sheetType": "RU (Resistente à Umidade)",
        "includeInsulation": true,
        "materials": [
          {
            "name": "Chapa de Drywall",
            "unit": "m²",
            "quantity": 26.25,
            "factor": 1.05
          },
          {
            "name": "Perfil T24",
            "unit": "m",
            "quantity": 80.0,
            "factor": 3.2
          },
          {
            "name": "Perfil L24",
            "unit": "m",
            "quantity": 30.0,
            "factor": 1.2
          },
          {
            "name": "Arame Galvanizado",
            "unit": "m",
            "quantity": 100.0,
            "factor": 4.0
          },
          {
            "name": "Parafuso Drywall",
            "unit": "unidades",
            "quantity": 500.0,
            "factor": 20.0
          },
          {
            "name": "Fita para Juntas",
            "unit": "m",
            "quantity": 95.0,
            "factor": 3.8
          },
          {
            "name": "Massa para Juntas",
            "unit": "kg",
            "quantity": 37.5,
            "factor": 1.5
          },
          {
            "name": "Lã de Vidro/Lã de Rocha",
            "unit": "m²",
            "quantity": 25.0,
            "factor": 1.0
          }
        ],
        "services": [
          {
            "description": "Execução de forro aramado em drywall",
            "area": 25.0,
            "pricePerM2": 55.0,
            "total": 1375.0
          }
        ],
        "extraCosts": [],
        "totalValue": 1375.0,
        "customMessage": "Projeto para área úmida com isolamento térmico. Acabamento liso pronto para pintura.",
        "createdAt": "TIMESTAMP",
        "updatedAt": "TIMESTAMP"
      },
      {
        "userId": "user1_id",
        "customerName": "Escritório XYZ",
        "customerAddress": "Av. Faria Lima, 300 - São Paulo, SP",
        "validity": 45,
        "serviceType": "Revestimento Estruturado",
        "area": 80.0,
        "footHeight": 0.0,
        "sheetType": "RF (Resistente ao Fogo)",
        "includeInsulation": false,
        "materials": [
          {
            "name": "Chapa de Drywall",
            "unit": "m²",
            "quantity": 84.0,
            "factor": 1.05
          },
          {
            "name": "Montante Metálico",
            "unit": "m",
            "quantity": 256.0,
            "factor": 3.2
          },
          {
            "name": "Guia Metálica",
            "unit": "m",
            "quantity": 48.0,
            "factor": 0.6
          },
          {
            "name": "Parafuso Drywall",
            "unit": "unidades",
            "quantity": 1200.0,
            "factor": 15.0
          },
          {
            "name": "Fita para Juntas",
            "unit": "m",
            "quantity": 256.0,
            "factor": 3.2
          },
          {
            "name": "Massa para Juntas",
            "unit": "kg",
            "quantity": 96.0,
            "factor": 1.2
          }
        ],
        "services": [
          {
            "description": "Execução de revestimento estruturado em drywall",
            "area": 80.0,
            "pricePerM2": 38.0,
            "total": 3040.0
          }
        ],
        "extraCosts": [
          {
            "description": "Trabalho noturno",
            "amount": 500.0
          }
        ],
        "totalValue": 3540.0,
        "customMessage": "Revestimento com chapa RF para áreas de escape. Execução em horário comercial reduzido.",
        "createdAt": "TIMESTAMP",
        "updatedAt": "TIMESTAMP"
      }
    ],
    "materialFormulas": [
      {
        "serviceType": "Parede",
        "materials": [
          {
            "name": "Chapa de Drywall",
            "unit": "m²",
            "factor": 6.3
          },
          {
            "name": "Montante Metálico",
            "unit": "m",
            "factor": 3.2
          },
          {
            "name": "Guia Metálica",
            "unit": "m",
            "factor": 0.8
          },
          {
            "name": "Parafuso Drywall",
            "unit": "unidades",
            "factor": 25.0
          },
          {
            "name": "Fita para Juntas",
            "unit": "m",
            "factor": 4.2
          },
          {
            "name": "Massa para Juntas",
            "unit": "kg",
            "factor": 1.8
          }
        ]
      },
      {
        "serviceType": "Forro FGA (Aramado)",
        "materials": [
          {
            "name": "Chapa de Drywall",
            "unit": "m²",
            "factor": 1.05
          },
          {
            "name": "Perfil T24",
            "unit": "m",
            "factor": 3.2
          },
          {
            "name": "Perfil L24",
            "unit": "m",
            "factor": 1.2
          },
          {
            "name": "Arame Galvanizado",
            "unit": "m",
            "factor": 4.0
          },
          {
            "name": "Parafuso Drywall",
            "unit": "unidades",
            "factor": 20.0
          },
          {
            "name": "Fita para Juntas",
            "unit": "m",
            "factor": 3.8
          },
          {
            "name": "Massa para Juntas",
            "unit": "kg",
            "factor": 1.5
          }
        ]
      }
    ]
  }
}